<?xml version="1.0" encoding="UTF-8"?>
<beans xmlns="http://www.springframework.org/schema/beans"
       xmlns:xsi="http://www.w3.org/2001/XMLSchema-instance"
       xmlns:aop="http://www.springframework.org/schema/aop"
       xmlns:tx="http://www.springframework.org/schema/tx"
       xsi:schemaLocation="http://www.springframework.org/schema/beans
       https://www.springframework.org/schema/beans/spring-beans.xsd
       http://www.springframework.org/schema/aop
       https://www.springframework.org/schema/aop/spring-aop.xsd
       http://www.springframework.org/schema/tx
       https://www.springframework.org/schema/tx/spring-tx.xsd">



    <!--DataSource:使用Spring的数据源替换Mybatis的配置 c3p0 dbcp druid
        我们这里使用Spring提供的jdbc
    -->
    <bean id="dataSource" class="org.springframework.jdbc.datasource.DriverManagerDataSource">
        <property name="driverClassName" value="com.mysql.cj.jdbc.Driver"/>
        <property name="url" value="jdbc:mysql://localhost:3306/mybatis?useSSL=false&amp;useUnicode=true&amp;characterEncoding=utf8&amp;serverTimezone = GMT"/>
        <property name="username" value="root"/>
        <property name="password" value="123456"/>
    </bean>

    <!--sqlSessionFactory-->
    <bean id="sqlSessionFactory" class="org.mybatis.spring.SqlSessionFactoryBean">
        <property name="dataSource" ref="dataSource" />
        <!--绑定mybatis配置文件-->
        <property name="configLocation" value="classpath:mybatis-config.xml"/>
        <property name="mapperLocations" value="classpath:com/dyd/mapper/UserMapper.xml"/>
    </bean>

    <!--SqlSessionTemplate:就是我们使用的sqlsession-->
    <bean id="sqlSession" class="org.mybatis.spring.SqlSessionTemplate">
        <!--只能使用构造器注入sqlSessionFactory,因为他没有set方法-->
        <constructor-arg index="0"  ref="sqlSessionFactory"/>
    </bean>

    <bean id="transactionManager" class="org.springframework.jdbc.datasource.DataSourceTransactionManager">
        <constructor-arg ref="dataSource" />
    </bean>

    <tx:advice id="txADVICE" transaction-manager="transactionManager">
        <tx:attributes>
            <tx:method name="*" propagation="REQUIRED"/>
        </tx:attributes>
    </tx:advice>

    <aop:config>
        <aop:pointcut id="txPointCut" expression="execution(* com.dyd.mapper.*.*(..))"/>
        <aop:advisor advice-ref="txADVICE" pointcut-ref="txPointCut"/>
    </aop:config>

    <bean id="userMapper" class="com.dyd.mapper.UserMapperImpl">
        <property name="sqlSessionFactory" ref="sqlSessionFactory"/>
    </bean>

</beans>