<?xml version="1.0" encoding="UTF-8" ?>
<beans xmlns="http://www.springframework.org/schema/beans"
       xmlns:xsi="http://www.w3.org/2001/XMLSchema-instance"
       xmlns:aop="http://www.springframework.org/schema/aop"
       xsi:schemaLocation="http://www.springframework.org/schema/beans
    https://www.springframework.org/schema/beans/spring-beans.xsd
    http://www.springframework.org/schema/aop
    https://www.springframework.org/schema/aop/spring-aop.xsd">

    <bean id="userService" class="com.dyd.service.UserServiceImpl"/>
    <bean id="beforelog" class="com.dyd.log.BeforeLog"/>
    <bean id="afterlog" class="com.dyd.log.AfterLog"/>
    <bean id="ownlog" class="com.dyd.ownlog.logs"/>

<!--    &lt;!&ndash;    第一个配置aop    &ndash;&gt;-->
<!--    <aop:config>-->
<!--        &lt;!&ndash;    切入点,execution(要执行的位置!)    &ndash;&gt;-->
<!--        <aop:pointcut id="pointcut" expression="execution(* com.dyd.service.UserServiceImpl.*(..))"/>-->
<!--        &lt;!&ndash;    执行环绕    &ndash;&gt;-->
<!--        <aop:advisor advice-ref="beforelog" pointcut-ref="pointcut"/>-->
<!--        <aop:advisor advice-ref="afterlog" pointcut-ref="pointcut"/>-->
<!--    </aop:config>-->

    <!--  自定义方法aop  -->
    <aop:config>
        <aop:aspect ref="ownlog">
            <aop:pointcut id="point" expression="execution(* com.dyd.service.UserServiceImpl.*(..))"/>
            <aop:before method="before" pointcut-ref="point"/>
            <aop:before method="after" pointcut-ref="point"/>
        </aop:aspect>
    </aop:config>

</beans>